<?xml version="1.0" encoding="UTF-8" ?>
<rss version="2.0">
  <channel>
    <title>Zdravo Kafić</title>
    <link>https://github.com/paradajzz/zdravokafic.git</link>
    <description>Najnovije vesti, pića i specijaliteti iz Zdravo Kafić</description>
    <language>sr</language>
    <lastBuildDate>Sat, 11 Jan 2026 10:00:00 +0100</lastBuildDate>

    <!-- Primer stavke -->
    <item>
      <title>Ledena Američka</title>
      <link>https://github.com/paradajzz/zdravokafic.git/#drink</link>
      <description>Osvežavajuća kombinacija espresso kafe i leda, idealna za vruće letnje dane.</description>
      <pubDate>Sat, 11 Jan 2026 10:00:00 +0100</pubDate>
      <guid>https://github.com/paradajzz/zdravokafic.git/#drink</guid>
    </item>

    <item>
      <title>Novosti  PDF dokumentacija</title>
      <link>https://github.com/paradajzz/zdravokafic.git/doc/dokumentacija.pdf</link>
      <description>Ažurirana dokumentacija projekta Zdravo Kafić.</description>
      <pubDate>Sat, 11 Jan 2026 10:00:00 +0100</pubDate>
      <guid>https://github.com/paradajzz/zdravokafic.git/doc/dokumentacija.pdf</guid>
    </item>

  </channel>
</rss>
